<Entities>
	<ExtensionPackages>
		<ExtensionPackage name="QRCode_Extensions"
						  description="QRCode Extensions"
						  vendor="ThingWorx Labs"
						  packageVersion="3.0.0" 
						  minimumThingWorxVersion="6.6.0" />
	</ExtensionPackages>
	<Resources>
	    <Resource name="QRCodeFunctions" description="QRCode function library" className="com.thingworx.resources.qrcode.QRCodeGenerator" aspect.isCreatable="false">
			<RunTimePermissions>
			  <Permissions resourceName="*">
			    <ServiceInvoke>
			      <Principal isPermitted="true" principalName="Administrators" type="Group" />
			      <Principal isPermitted="true" principalName="Developers" type="Group" />
			      <Principal isPermitted="true" principalName="Users" type="Group" />
			    </ServiceInvoke>
			  </Permissions>
			</RunTimePermissions>
			<JarResources>
				<FileResource type="JAR" file="thingworx-qrcode-extension.jar" description="QRCode Resource JAR" />
				<FileResource description="Zxing Core JAR" file="zxing-core-3.2.0.jar" type="JAR"/>
				<FileResource description="Zxing JavaSE JAR" file="zxing-javase-3.2.0.jar" type="JAR"/>
			</JarResources>
	    </Resource>
	</Resources>
</Entities>