<?xml version="1.0" encoding="UTF-8" standalone="no"?>
<Entities>
    <ExtensionPackages>
        <ExtensionPackage dependsOn="" description="" minimumThingWorxVersion="8.2.0" name="customimageinputL" packageVersion="2.0.0" vendor="VolvoIT"> 
        </ExtensionPackage>
    </ExtensionPackages>
    <Widgets>
        <Widget name="customimageinputL">
            <UIResources>
                <FileResource description="" file="customimageinputL.ide.js" isDevelopment="true" isRuntime="false" type="JS"/>
                <FileResource description="" file="customimageinputL.ide.css" isDevelopment="true" isRuntime="false" type="CSS"/>
                <FileResource description="" file="customimageinputL.runtime.js" isDevelopment="false" isRuntime="true" type="JS"/>
                <FileResource description="" file="customimageinputL.runtime.css" isDevelopment="false" isRuntime="true" type="CSS"/>
            </UIResources>
        </Widget>
    </Widgets>
</Entities>
